partenaire,valeur
Monde,5136098.0
Espagne,38458.65464996001
Angleterre,4881321.9543871945
Portugal,41340.53201809998
Hollande,161531.30815289996
Nord,910801.09657222
Flandre et autres états de l'Empereur,410697.22745461005
États-Unis d'Amérique,53529.16472571
Asie,38060.0
