partenaire,valeur
Monde hors colonies,5136098.0
Espagne,38458.65464996001
Angleterre,4881321.9543871945
Portugal,41340.53201809998
Hollande,161531.30815289996
Villes hanséatiques,542223.15190964
Etats de l'Empereur,410697.22745461005
Danemark,288263.3265745001
Prusse,51270.63458475999
États-Unis d'Amérique,53529.16472571
Russie,23034.0
Suède,6009.98350332001
Indes,38060.0
