partenaire,tonnage,estimate,estimate_without_lest
Danemark,145.0,27792.141971012737,52836.08490566038
Angleterre,4508.0,1760742.0257414663,3208921.7416642383
Espagne,1353.0,749876.3223032039,883128.0480315014
Hollande,5608.0,2407100.6725138724,2546997.646040207
Portugal,965.0,271112.158206611,298378.87954741885
Villes hanséatiques,505.0,445220.55011204357,457069.5340340115
Suède,150.0,53531.17717675306,66333.12915645783
États-Unis d'Amérique,350.0,32226.213461452113,43864.44199975553
