port de départ,total des trajets anglais,trajets anglais smoggleurs,% de trajets anglais smoggleurs,total tonnage,tonnage smoggleur,% de tonnage smoggleurs,total des destinations,destinations smoggleurs,% de destination smoggleurs,smoggleurs avec produits de contrebande,% de smoggleurs avec produits de contrebande
dunkerque,1268,1042,82.17665615141956,93053,12504,13.437503358301184,148,12,3.8387715930902107,40,0
calais,779,772,99.10141206675225,23712,16855,71.08215249662618,52,20,0,0,0
boulogne,1472,1472,100.0,20505,9946,48.505242623750306,30,2,0,0,0
roscoff,150,118,78.66666666666666,4964,991,19.963738920225623,50,23,100.0,118,0
lorient,115,57,49.56521739130435,53420,1970,3.687757394234369,130,3,94.73684210526315,54,0
bordeaux,155,24,15.483870967741936,223787,925,0.41333947012114197,200,2,100.0,24,0
