port de départ,total des trajets anglais,trajets anglais smoggleurs,% de trajets anglais smoggleurs,total tonnage,tonnage smoggleur,% de tonnage smoggleurs,total des destinations,destinations smoggleurs,% de destination smoggleurs,smoggleurs avec produits de contrebande,% de smoggleurs avec produits de contrebande
dunkerque,1268,1042,82.17665615141956,93233,12504,13.41156028444864,149,12,3.8387715930902107,40,0
calais,779,772,99.10141206675225,23712,16855,71.08215249662618,52,20,0,0,0
boulogne,1472,1472,100.0,20600,9946,48.28155339805825,31,2,0,0,0
roscoff,150,118,78.66666666666666,4964,991,19.963738920225623,50,23,100.0,118,0
lorient,116,57,49.137931034482754,55130,1970,3.5733720297478686,130,3,94.73684210526315,54,0
bordeaux,161,24,14.906832298136646,230189,925,0.40184370234893935,200,2,100.0,24,0
