port de départ,total des trajets anglais,trajets anglais smoggleurs,% de trajets anglais smoggleurs,total tonnage,tonnage smoggleur,% de tonnage smoggleurs,total des destinations,destinations smoggleurs,% de destination smoggleurs,smoggleurs avec produits de contrebande,% de smoggleurs avec produits de contrebande
dunkerque,2771,2187,78.92457596535547,233491,26244,11.23983365525866,235,30,3.1092821216278006,68,0
calais,821,809,98.53836784409256,28227,17825,63.1487582810784,60,20,0,0,0
boulogne,1473,1472,99.93211133740665,23460,9946,42.39556692242114,36,2,0,0,0
roscoff,157,121,77.07006369426752,5618,1006,17.90672837308651,55,23,100.0,121,0
lorient,122,58,47.540983606557376,71560,2008,2.806036892118502,142,3,94.82758620689656,55,0
bordeaux,174,24,13.793103448275861,264449,925,0.34978389027752044,207,2,100.0,24,0
