port de départ,total des trajets anglais,trajets anglais smoggleurs,% de trajets anglais smoggleurs,total tonnage,tonnage smoggleur,% de tonnage smoggleurs,total des destinations,destinations smoggleurs,% de destination smoggleurs,smoggleurs avec produits de contrebande,% de smoggleurs avec produits de contrebande
dunkerque,1268,1042,82.17665615141956,93912,12504,13.314592384359827,149,12,3.8387715930902107,40,0
calais,781,772,98.84763124199743,23962,16855,70.34053918704616,54,20,0,0,0
boulogne,1472,1472,100.0,21095,9946,47.14861341550131,31,2,0,0,0
roscoff,150,118,78.66666666666666,4990,991,19.859719438877754,51,23,100.0,118,0
lorient,116,57,49.137931034482754,58560,1970,3.3640710382513666,134,3,94.73684210526315,54,0
bordeaux,161,24,14.906832298136646,233801,925,0.39563560463813247,200,2,100.0,24,0
