port de départ,total des trajets anglais,trajets anglais smoggleurs,% de trajets anglais smoggleurs,total tonnage,tonnage smoggleur,% de tonnage smoggleurs,total des destinations,destinations smoggleurs,% de destination smoggleurs,smoggleurs avec produits de contrebande,% de smoggleurs avec produits de contrebande
dunkerque,1254,1038,82.77511961722487,60828,12456,20.47741171828763,99,10,3.7572254335260116,39,0
calais,739,733,99.18809201623816,19892,15921,80.0372008847778,40,20,0,0,0
boulogne,1472,1472,100.0,15523,9946,64.0726663660375,14,2,0,0,0
roscoff,134,115,85.82089552238806,1800,964,53.55555555555556,34,23,100.0,115,0
lorient,59,13,22.033898305084744,24311,489,2.0114351528114844,80,3,100.0,13,0
bordeaux,128,4,3.125,132909,249,0.18734622937498588,104,1,100.0,4,0
