port de départ,total des trajets anglais,trajets anglais smoggleurs,% de trajets anglais smoggleurs,total tonnage,tonnage smoggleur,% de tonnage smoggleurs,total des destinations,destinations smoggleurs,% de destination smoggleurs,smoggleurs avec produits de contrebande,% de smoggleurs avec produits de contrebande
dunkerque,1255,1038,82.70916334661355,64327,12456,19.36356428871236,111,10,3.7572254335260116,39,0
calais,740,733,99.05405405405405,20810,15921,76.50648726573762,44,20,0,0,0
boulogne,1472,1472,100.0,19618,9946,50.698338260780915,30,2,0,0,0
roscoff,143,115,80.41958041958041,4800,964,20.083333333333332,49,23,100.0,115,0
lorient,115,57,49.56521739130435,50947,1970,3.8667634993228255,130,3,94.73684210526315,54,0
bordeaux,155,24,15.483870967741936,223787,925,0.41333947012114197,200,2,100.0,24,0
