port de départ,total des trajets anglais,trajets anglais smoggleurs,% de trajets anglais smoggleurs,total tonnage,tonnage smoggleur,% de tonnage smoggleurs,total des destinations,destinations smoggleurs,% de destination smoggleurs,smoggleurs avec produits de contrebande,% de smoggleurs avec produits de contrebande
dunkerque,68,11,16.176470588235293,10425,132,1.2661870503597124,30,5,9.090909090909092,1,0
calais,15,15,100.0,1109,94,8.476104598737603,10,5,0,0,0
boulogne,1395,1395,100.0,10897,9376,86.04202991649078,7,1,0,0,0
roscoff,134,115,85.82089552238806,1797,964,53.64496382860323,34,23,100.0,115,0
lorient,46,7,15.217391304347828,18789,281,1.4955559103730907,61,3,100.0,7,0
bordeaux,114,4,3.508771929824561,124433,249,0.20010768847492222,93,1,100.0,4,0
