port de départ,total des trajets anglais,trajets anglais smoggleurs,% de trajets anglais smoggleurs,total tonnage,tonnage smoggleur,% de tonnage smoggleurs,total des destinations,destinations smoggleurs,% de destination smoggleurs,smoggleurs avec produits de contrebande,% de smoggleurs avec produits de contrebande
dunkerque,2767,2185,78.96638959161547,233479,26220,11.230132046136912,225,29,3.1121281464530894,68,0
calais,821,809,98.53836784409256,28227,17825,63.1487582810784,59,20,0,0,0
boulogne,1473,1472,99.93211133740665,23460,9946,42.39556692242114,36,2,0,0,0
roscoff,157,121,77.07006369426752,5618,1006,17.90672837308651,55,23,100.0,121,0
lorient,122,58,47.540983606557376,71560,2008,2.806036892118502,141,3,94.82758620689656,55,0
bordeaux,174,24,13.793103448275861,264003,925,0.3503748063468976,206,2,100.0,24,0
