port de départ,total des trajets anglais,trajets anglais smoggleurs,% de trajets anglais smoggleurs,total tonnage,tonnage smoggleur,% de tonnage smoggleurs,total des destinations,destinations smoggleurs,% de destination smoggleurs,smoggleurs avec produits de contrebande,% de smoggleurs avec produits de contrebande
dunkerque,2767,2185,78.96638959161547,230114,26220,11.394352364480214,224,29,3.1121281464530894,68,0
calais,820,811,98.90243902439025,28227,17907,63.43926028270804,56,20,0,0,0
boulogne,1473,1472,99.93211133740665,23345,9946,42.60441207967445,33,2,0,0,0
roscoff,157,121,77.07006369426752,5618,1006,17.90672837308651,55,23,100.0,121,0
lorient,122,58,47.540983606557376,67797,2008,2.961782969747924,142,3,94.82758620689656,55,0
bordeaux,174,25,14.367816091954023,263116,947,0.3599172988339744,209,2,100.0,25,0
