port de départ,total des trajets anglais,trajets anglais smoggleurs,% de trajets anglais smoggleurs,total tonnage,tonnage smoggleur,% de tonnage smoggleurs,total des destinations,destinations smoggleurs,% de destination smoggleurs,smoggleurs avec produits de contrebande,% de smoggleurs avec produits de contrebande
dunkerque,1266,1041,82.22748815165876,89328,12492,13.984416980118217,146,11,3.7463976945244957,39,0
calais,740,733,99.05405405405405,22778,15921,69.89639125471948,52,20,0,0,0
boulogne,1472,1472,100.0,20505,9946,48.505242623750306,30,2,0,0,0
roscoff,145,115,79.3103448275862,4812,964,20.0332502078138,50,23,100.0,115,0
lorient,115,57,49.56521739130435,51490,1970,3.8259856282773357,130,3,94.73684210526315,54,0
bordeaux,155,24,15.483870967741936,223787,925,0.41333947012114197,200,2,100.0,24,0
