port de départ,total des trajets anglais,trajets anglais smoggleurs,% de trajets anglais smoggleurs,total tonnage,tonnage smoggleur,% de tonnage smoggleurs,total des destinations,destinations smoggleurs,% de destination smoggleurs,smoggleurs avec produits de contrebande,% de smoggleurs avec produits de contrebande
dunkerque,66,9,13.636363636363635,10401,108,1.0383616959907702,28,3,11.11111111111111,1,0
calais,15,15,100.0,1109,94,8.476104598737603,10,5,0,0,0
boulogne,1395,1395,100.0,10897,9376,86.04202991649078,7,1,0,0,0
roscoff,134,115,85.82089552238806,1789,964,53.88485187255449,33,23,100.0,115,0
lorient,46,7,15.217391304347828,18789,281,1.4955559103730907,61,3,100.0,7,0
bordeaux,57,0,0.0,18774,0,0.0,46,0,0,0,0
